{"train_loss": [0.9528016129907696, 0.7480696573676479, 0.7224677461862599, 0.6493562531519025, 0.6189231567156235, 0.6119196348236715, 0.4731423596771418, 0.38369919410228936, 0.3198075473641264, 0.2864998549338112, 0.27141966327173916, 0.2459667130986969, 0.22872257460011627, 0.22293432606926664, 0.20264766659282113, 0.1923222996500304, 0.1822141504827719, 0.18053826992350006, 0.1801085244249475, 0.18895164248563537, 0.1842519126878338], "val_loss": [2.057630569215805, 2.1711033015024093, 2.1934248877580833, 2.572533622305229, 2.1286465736924027, 2.1940780370323747, 2.14532232883746, 1.7460849884325864, 1.7135827588656591, 1.7139506668010085, 1.546703539197407, 1.6742612177102023, 1.4778652415073739, 1.4246820539393752, 1.5126532817643785, 1.382785012324651, 1.305791893017986, 1.3366877036119895, 1.3909054174625053, 1.3371982905599806, 1.3526846952539273], "train_acc": [42.03520824388149, 46.786889938457136, 48.81923572348647, 50.19321597252039, 51.724631458422785, 51.46701016172892, 56.934306569343065, 60.941748962358666, 64.87762988407042, 67.08172320022899, 69.84399599255761, 71.37541147846, 73.03563761270932, 73.15013596679547, 74.63861456991556, 75.31129240017175, 76.79977100329182, 76.78545870903106, 76.4276513525118, 76.0984685845141, 76.94289394589953], "val_acc": [19.841269841269842, 20.304232804232804, 23.41269841269841, 27.447089947089946, 27.57936507936508, 28.373015873015873, 30.158730158730158, 41.335978835978835, 42.923280423280424, 43.58465608465608, 48.80952380952381, 47.68518518518518, 51.25661375661376, 52.24867724867725, 50.33068783068783, 52.38095238095238, 54.232804232804234, 54.4973544973545, 52.91005291005291, 55.29100529100529, 53.902116402116405]}